v1,v2
0498d7baea204f709625d28b,중도해지 미접수 시 처리방법 문의
0498d7baea204f709625d28b,중도해지 신청 후 진행이 안되는 이유
0498d7baea204f709625d28b,중도해지 접수가 안 되는 이유
0498d7baea204f709625d28b,중도해지 미접수 사유 변경 어떻게 해?
0498d7baea204f709625d28b,중도해지 사유 변경 방법
0498d7baea204f709625d28b,중도해지 사유가 다를 경우 어떻게 되나요?
0498d7baea204f709625d28b,중도해지 사유가 상이한 경우 어떻게 되나요?
0498d7baea204f709625d28b,중도해지 미접수?
0498d7baea204f709625d28b,중도해지 접수 지연
0498d7baea204f709625d28b,중도해지가 안되고 있어요
0498d7baea204f709625d28b,중도해지 신청했는데 진행이 안되고 있어요
0498d7baea204f709625d28b,중도해지 신청했는데 진행이 안 되고 있는 이유?
0498d7baea204f709625d28b,중도해지 접수가 안돼요
0498d7baea204f709625d28b,중도해지 사유가 다른데 어떻게 해?
0498d7baea204f709625d28b,중도해지 접수가 안되면 어떻게 처리해?
0498d7baea204f709625d28b,중도해지 접수가 안되는데 처리 방법 알려줘
0498d7baea204f709625d28b,중도해지 미접수 시 처리하려면 어떤 방법이 있어?
0498d7baea204f709625d28b,중도해지 접수가 왜 안돼?
0498d7baea204f709625d28b,중도해지 접수가 안되는 사유 알려줘
0498d7baea204f709625d28b,중도해지 신청했는데 접수가 안돼
0498d7baea204f709625d28b,중도해지 신청하고 나서 접수가 지연되는 이유
0498d7baea204f709625d28b,중도해지 신청했는데 왜 접수가 미접수 상태야?
0498d7baea204f709625d28b,중도해지 미접수 상태인데 어떻게 처리함?
0498d7baea204f709625d28b,청년내일채움공제 중도해지 미접수 상태 처리 방법
0498d7baea204f709625d28b,중도해지 접수가 안되는데 어떻게 처리해?
0498d7baea204f709625d28b,중도해지 접수 안 되면 처리하는 법 있어?
0498d7baea204f709625d28b,중도해지 신청했는데 접수 안 될 시 어떻게 처리함?
0498d7baea204f709625d28b,중도해지 신청 후 미접수일 경우 처리하는 과정
0498d7baea204f709625d28b,중도해지 미접수 처리 방법이 궁금해
0498d7baea204f709625d28b,중도해지 신청했는데 미접수 상태면 처리 어떻게 함?
0498d7baea204f709625d28b,중도해지 신청했는데 사유 다르면?접수 안돼?
0498d7baea204f709625d28b,중도해지 접수가 안되면 어떻게 처리돼?
0498d7baea204f709625d28b,중도해지 미접수 상태인데 처리되는 과정 알려줘
0498d7baea204f709625d28b,중도해지 미접수 처리
0498d7baea204f709625d28b,중도해지 신청했는데 안돼
0498d7baea204f709625d28b,중도해지 접수 안 되면 어떡함?
0498d7baea204f709625d28b,중도해지 미접수 상태에서 안 넘어가
0498d7baea204f709625d28b,중도해지 신청해도 해지가 안돼
0498d7baea204f709625d28b,중도해지 신청했는데 미접수 상태라고 뜸
0498d7baea204f709625d28b,중도해지 신청 후 미접수 상태 문의
0498d7baea204f709625d28b,중도해지 미접수 상태에서 처리 어떻게 함?
0498d7baea204f709625d28b,중도해지 접수가 안되면 어떡해?
0498d7baea204f709625d28b,중도해지 신청해도 접수완료가 안떠
0498d7baea204f709625d28b,중도해지 신청했는데 미접수 상태야
0498d7baea204f709625d28b,중도해지 하려는데 미접수 시 어떻게 처리해?
0498d7baea204f709625d28b,청년내일채움 중도해지 미접수 처리 방법
0498d7baea204f709625d28b,중도해지 사유가 같아야 미접수 풀려?
0498d7baea204f709625d28b,중도해지 미접수 상태에서 접수상태로 바꾸는 법
0498d7baea204f709625d28b,중도해지 미접수라고 뜨는데 어떻게 해야 돼?
0498d7baea204f709625d28b,중도해지 미접수 상태인데 꼭 사유 같아야 돼?
0498d7baea204f709625d28b,중도해지 미접수 상태인데 정상 접수상태로 처리하는 법
0498d7baea204f709625d28b,중도해지 미접수 시 다른 사유에서 처리 가능?
0498d7baea204f709625d28b,중도해지 미접수 시 어떻게 처리해요?
0498d7baea204f709625d28b,중도해지 미접수 상태인데 기업이랑 사유 맞춰야 돼요?
0498d7baea204f709625d28b,중도해지 접수 안됐는데 처리하는 법 있어?
0498d7baea204f709625d28b,중도해지 신청했는데 접수 안되면 처리 어떻게 해?
0498d7baea204f709625d28b,중도해지 신청했는데 사유 다르면 접수가 안돼?
0498d7baea204f709625d28b,중도해지 신청했는데 접수가 안돼요
0498d7baea204f709625d28b,중도해지 미접수 시 사유 선택 방법
0498d7baea204f709625d28b,중도해지 온라인 미접수 시 신청방법
0498d7baea204f709625d28b,중도해지 신청했는데 마이페이지에 상태 변동이 없어요
6796dfe618cc4fffb235ab3e,기업 또는 근로자의 해지 미신청으로 인한 해지처리 지연
6796dfe618cc4fffb235ab3e,기업 해지 미신청으로 인한 해지처리 지연문의
6796dfe618cc4fffb235ab3e,기업 해지 신청을 안해서 해지처리가 지연됐는데 어떡함?
6796dfe618cc4fffb235ab3e,기업 해지 신청을 못했는데 해지처리 지연됐어요
6796dfe618cc4fffb235ab3e,기업 해지 미신청 해지처리 미뤄짐
6796dfe618cc4fffb235ab3e,기업 해지 신청 안해서 해지처리 미뤄졌는데 어떡함?
6796dfe618cc4fffb235ab3e,기업 해지신청 못해서 해지처리 지연문의
6796dfe618cc4fffb235ab3e,근로자 해지 미신청으로 인한 해지처리 지연문의
6796dfe618cc4fffb235ab3e,근로자 해지 신청을 안해서 해지처리 지연됐는데 어떡함?
6796dfe618cc4fffb235ab3e,근로자 해지 신청을 못했는데 해지처리 지연됐어요
6796dfe618cc4fffb235ab3e,근로자 해지 미신청 해지처리 미뤄짐
6796dfe618cc4fffb235ab3e,기업에서 해지 신청 안 하면 어떻게 돼요?
6796dfe618cc4fffb235ab3e,기업에서 가입 해지 신청 안 한 경우
6796dfe618cc4fffb235ab3e,기업에서 중도해지 신청 안 했어
6796dfe618cc4fffb235ab3e,내일채움공제 중도해지 근로자가 미신청 상태면?해지가 안 돼?
6796dfe618cc4fffb235ab3e,기업에서 중도해지 신청 안 해서 해지 처리가 아직 안 되는 거야?
6796dfe618cc4fffb235ab3e,근로자가 중도해지 신청 안 하면 해지 거절 돼?
6796dfe618cc4fffb235ab3e,기업에서 중도해지 신청 안해주면 어떻게 돼?
6796dfe618cc4fffb235ab3e,중도 해지를?신청 안 했는데기업하고 근로자 둘 다 신청해?
6796dfe618cc4fffb235ab3e,공제 중도해지?근로자가 해지 신청 안했어
6796dfe618cc4fffb235ab3e,기업에서 해지 신청 안 해주면 해지 처리가 안 돼?
6796dfe618cc4fffb235ab3e,중도해지 신청하려는데 기업이 해지 신청 안 했어
6796dfe618cc4fffb235ab3e,중도해지 기업이 해지 미 신청 시 어떡함?
6796dfe618cc4fffb235ab3e,근로자가 해지 신청 안 하면 공제 해지 처리 늦어져?
6796dfe618cc4fffb235ab3e,공제 해지하려는데 근로자가 해지 신청 안 했어
6796dfe618cc4fffb235ab3e,근로자가 해지 신청 안한 경우 지연돼?
6796dfe618cc4fffb235ab3e,한 명만 해지 신청해도 납부 중지돼?
6796dfe618cc4fffb235ab3e,중도해지하려는데 둘 다?해지 신청해야 됨?
6796dfe618cc4fffb235ab3e,중도해지 시 한 명만 해지 신청해도 납부 중지가 되는지 궁금해
6796dfe618cc4fffb235ab3e,중도해지하려면 둘 다 신청해야 됨?
6796dfe618cc4fffb235ab3e,기업이 해지 신청을 해야 납부 중지가 되는 거야?