351,134,False,세금 금액 대해 예측 수 방법
326,379,False,돌출 물 충돌 사고 피해 관련 구상 소송 판례
356,270,False,화재 사고 관련 손해배상 청구 소송 때 참고 판례 보기
8,8,True,장점 때문 자진 신고
322,101,False,친구 뭐
329,48,False,계약 종별 종류 관련 문제 때 소송 판례
330,242,False,도심 터미널 공항 어케 이동 함
381,371,False,기업 집단 확인 수 방법
170,357,False,건축 허가 문제 토지 사용 동의 의사표시 청구 소송 관련 판례
366,2,False,퇴직금 청구 소송 종 적 관계 대한 판례 변경 경우
45,375,False,반품 돈
374,8,False,방송 수신료 전기요금 분리 고지 거부처분 취소 것 청구 소송
185,209,False,출국 여권 안보 여요
421,349,False,요금 부당 청구 회수 소송 승소 후 소송비용 부담
309,391,False,손해배상 청구 소의 판례 중 전기 감전 사고 관련 모든 판례
225,185,False,과소 청구 추가 전기요금 납부 요구 소송
47,230,False,얼마 리파 킹
24,187,False,베리 굿
346,373,False,부가세 환급 때 창구
9,277,False,출입국 현장 통관 왜
212,211,False,나이 수
292,3,False,티켓 구 방법 환승 투어
208,160,False,전기 체납 금 반환 청구 소송 시 참조 판례 게
169,240,False,아이스팩 탑승 불가
47,217,False,주차 무료
315,277,False,셀린느 교환 문의 수 전화번호
32,257,False,더
43,252,False,건물 화재 관련 추 심금 소송 중 임대 임차 분쟁 해결 판례 모두 보기
417,281,False,임대료 부과 처분 취소 청구 소송 경제 합리 유무 대해 판단 판례
359,296,False,권 사용 료 청구 소송 권리남용 인정 판례
240,216,False,입국 때 면세점 이용 수
296,278,False,어딘가 공짜 환영 피켓 실화
67,24,False,기세 대한 채무 부존재 소송 관련 판례
40,63,False,공항 잠시 문화 전시 곳
6,155,False,유실물 관리 센터
12,359,False,면세점 가면
169,0,False,품목 기내 반입
237,408,False,집행정지 소송 행정처분 위법성 대해 판례
229,265,False,손해배상 소송 판례 중 비감 사고 산업 재해 인정 경우
48,372,False,플레이 와이파이 마감 시간 언제
90,150,False,연체 요금 대한 지급 촉구 청구 소송 관련 참조 판례 보기
98,380,False,수입 식물 류
266,325,False,자동차 사고 때 청구 손해배상 소송 판례
108,404,False,세관 검사 프로세스 뭐
8,418,False,세관 자진 신고 점 뭘
97,164,False,교통 약자 우대 출구 장소
318,417,False,호텔 어디
90,176,False,연체 전기요금 청구 소송 관련 판례 모두 찾기
291,158,False,절차 유인 출국 심사
409,182,False,삼성역 도심 터미널 법
209,265,False,하이 하이
401,207,False,세관 신고 때 별도 면세 뭘
42,361,False,금전 관련 청구 소송 중 도급 물품 관련 소송 내용
281,414,False,애기 탑승 시기 알려됴
404,5,False,장치 발생 정전 사고 관련 손 배상 청구 소송 보상 범위 대한 대법원 판례
404,14,False,정전 설비 발생 경우 손 배상 청구 소송 판례
302,41,False,절차 씨 큐리 티첵
304,47,False,광명 도심공항 절차 이용
279,279,True,감전 사고 대해 청구 수 구상권 범위 대한 판례
51,376,False,보통 수화물 방법
304,97,False,서울역 도심공항 터미널 이용 순서
64,41,False,장물 이설 비용 반환 청구 소송 승소 판례 보기
391,83,False,환승 투어 예약
158,94,False,갑 새끼
326,2,False,돌출 물 충돌 사고 피해 대해 회부 구상권 청구 재판 결과 보기
111,280,False,보안 검사 두 환승 때
185,95,False,여권
352,411,False,자동 출입국 심사 등록 곳 게이트 쪽
357,334,False,비용 문의 주차장 차 때
385,388,False,토지 수용재결 보상 경우 이 대해 토지 수용재결 처분 취소 청구 소송 수
149,96,False,신고 작성 필수 입 애완견 데리
237,320,False,집행정지 신청 원인 관계 입증 대한 판례
95,353,False,단기 주차장
71,387,False,국문 거리 추천 만 컨텐츠 뭐
143,12,False,승용차 타고 공항 길
207,171,False,토지 소유권 주장 토지 소유권 이전 등기 청구 소송 사례
418,196,False,기내 반입 수화물
155,357,False,계량기 검 침실 수로 누락 요금 발생 시 이 대한 소송 관련 판례
155,335,False,누락 요금 계량기 결선 발생 시 이 대한 책임 관련 소송 판례
181,237,False,사용자 과실 때 전기요금 반환 청구 소송 가능 여부
155,146,False,계량기 교환 이후 결선 오류로 누락 요금 관련 판례
34,237,False,가족 명 때 가족 다합
315,424,False,미우미우 어디 위치
393,212,False,어맛
125,359,False,장애우 용 브로셔 신청 안해 볼 수
127,44,False,발렛퐈킹 대행 곳 어디
66,228,False,부상 열차 출발 역
177,296,False,구두 수선 어디
260,260,True,변상 금부 처분 취소소송 시효 취득 주장 수 대상
344,235,False,광명 도시 터미널 이용 조건
314,217,False,교통 약자 출구 자정
32,164,False,업그레이드
350,385,False,바레인 특별 경보 무엇
16,395,False,청년 재직 가입 연봉 범위
56,119,False,질문 답
31,202,False,국제선 하차 후 국내선 환승 법
2,312,False,오야
291,214,False,자동 출국심사 용제 대상
400,8,False,최근 화재 사건 구상 청구 소송 판결 문 모두 조회
92,161,False,무단 설치 전력 배분 장치 제거 소송 관련 판례
40,44,False,한국 문화 체험 수
249,308,False,토지 대한 소유권 확인 소송 관련 판례
100,427,False,주사 얼마
98,111,False,화훼 때 건
184,11,False,온라인 청약 시 기준 서류 첨부
356,186,False,화재 피해 관련 소송 경험 사례 찾기
339,2,False,미납 요금 모두 납부 왜 정지
343,375,False,피치항공 오사카 행 비행기
244,305,False,입국 때 동식물 관련 검역
133,397,False,설정 납 입방
272,286,False,출국 심사 환승 투어 부분
419,286,False,별미 여행 뭔가
308,331,False,허가 토지 변 상금 청구 소송 청구권 부정 판례
97,114,False,우대 출구 위치 무엇
287,135,False,저기
204,69,False,환전 수 곳
160,361,False,사비 관련 구상권 행사
324,354,False,접수 대기 상태 접수 완료
207,61,False,시효 취득 원인 소유권 이전 등기 청구 소송 관련 판례 조회
29,408,False,환승 투어 동안 짐 어디
216,270,False,전 직장 일 기간 청년 재직 개월 기준 충족
132,391,False,무슨 띠
57,411,False,전기 용도 용도 사용 경우 위약금 청구 소송 관련 판례
422,109,False,네 노래
91,406,False,행정처분 효력 정지 가처분 소송 가처분 인용 요건 대해
426,418,False,인 허가 거부처분 대한 취소 청구 소송 관련 판례
18,289,False,공차 일반 지역 제 여객 어디
66,260,False,비용 좀
155,58,False,계량기 결산 문제 누락 금액 납부 안함 불이익 대한 소송 사례
238,12,False,중견 기업 뭔가
351,169,False,세금 얼마나
102,247,False,수화물 어디 문의
237,299,False,집행정지 소송 긴급 대해 판단 대법원 판례
122,426,False,사업인정 대해 취소 청구 소송 판례
275,34,False,보증 한도 액 정해진 계속 보증계약 경우 보증채무 금 청구 소송 판례
40,229,False,박물관 시 개장 하나요
313,170,False,정전 피해 관련 구상권 청구 소송 중 청구권 부정 판례
201,274,False,요금 납부 역
220,137,False,송전 선로 공사 중지 가처분 신청 대한 대법원 판례 검색
254,324,False,실시 계획 승인 처분 취소소송 실시 계획 승인 고시 사항 대해 명시 판례
390,15,False,입자 건물 주 기세 대해 손해배상 청구 소송 판례
334,100,False,적용 법률 착오 실시 계획 승인 무효 확인 소송 청구 경우 판례
68,324,False,인터넷 면세 물건 곳 레알
334,252,False,절차 위반 실시 계획 승인 무효 확인 소송 청구 경우 판례
355,194,False,계약 종별 잘못 산정 경우 전력 요금 대한 채무 부존재 소송 판례
317,425,False,기간 로 제출 서류 발급
304,411,False,도심 터미널 이용 순서 어뜨케
34,333,False,휴대 품 신고 성법
311,136,False,장애우 위 서비스 뭐
249,373,False,미등록 토지 소유권 확인 소송 관련 판례
46,412,False,공사 비용 반환 청구 소송 서류 뭐
83,21,False,연대보증 전기 세로 피해 경우 구제 수 법률
249,0,False,소유권 확인 소송 소유권 취득 원인 대해 주장 내용 포함 판례
137,306,False,가입 증서 수정 재발
334,410,False,절차 흠결 실시 계획 승인 대한 무효 확인 소송 관련 판례
247,62,False,제 여객 터미널 어디 가면 셀프 백드랍 수
266,339,False,자동차 충돌 사고 관련 손해배상 청구 소송 판례 모두
32,278,False,답
320,135,False,오토 롱 필링 라이트 뭔가
417,147,False,위법 사유 임대료 부과 처분 대한 취소 청구 소송 판례
85,3,False,과도 누진 율 전기요금 관련 부당이득 환청 소송 판결 사례
256,337,False,온라인 청약 신청 최종 수정
153,132,False,터미널 입국 어디
66,205,False,티켓 값
220,44,False,권 토지 설치 송전 설비 공사 중지 가처분 신청 관련 판례
298,219,False,수하물 무료 수 캐리어 무엇
244,253,False,식물 검역 순서 해
155,123,False,산업 용 계량기 결선 누락 요금 관련 판례 전문 보기
311,370,False,수화기 도움 청 서비스
304,175,False,도심공항 이용 절차
221,61,False,구제 재심 판정 합의 퇴사 결정 판례
83,394,False,사기 기업체 연대보증 경우 채무자 걸 수 소송
220,376,False,형식 하자 송전 장치 건설 중지 가처분 신청 인용 판례
83,216,False,연대보증 납부 기세 대해 채무자 손해 배상금 수
351,215,False,세액 얼마나
358,303,False,징수 권한 위임 한계 주장 방송 수신료 부과 처분 취소소송
385,156,False,잔 토지 대한 가치 하락 주장 토지 수용재결 처분 취소 청구 소송 판례
421,401,False,전기요금 회수 소송 주요 사항 내용 보기
393,28,False,빵
6,385,False,유실물 관리소 언제
358,136,False,회사 방송 수신료 부과 처분 취소소송 대해 역 소송 건 판례
306,248,False,공제 수혜 적 채공 가입
6,352,False,공항 분실물 관련 처리 곳 어딘가
108,118,False,출입국 때 세관 점검 과정 순서
359,328,False,관련 배상금 청구 소송 판례 검색
326,391,False,돌출 물 충돌 대한 구상권 청구 소송 판례 중 판례 변경 적
91,321,False,구체 막대 손해 방지 예상 행정처분 효력 정지 가처분 신청 소송 판례
323,202,False,위탁 수화물 수취 어딘데
198,278,False,물품 공급 대한 추심 소송 때 참고 판례 보기
315,225,False,게리 쏭 매장 어디 위치
43,104,False,추 심금 청구 소송 중 화재 사건 관련 판례 찾기
307,208,False,비 감전 변고 대해 구상권 청구 소송 관련 단례 보기
389,239,False,어데어데 취항 합 꼬
19,220,False,때 주차 정산
229,89,False,비감 사고 산업 재해 손해배상 청구 재판 진행 경우 판결 결과
364,317,False,터미널 별 취항 비행기
257,126,False,면세점 세액 한도 얼마
85,252,False,부당이득 금 반환 기준
153,278,False,여객 터미널 내 출국 위치 무엇
174,246,False,계획 휴전 관련 구상 소송 가압류 신청 진행 때 판례
9,160,False,현장 통관 주로 사람 이용
356,369,False,화재 손해배상 청구 소송 손해 금액 전부 방법
149,386,False,비행기 탈때 애완동물 동반 규정
140,216,False,돌출 물 충돌 관 책임 비율 및 손 배상 금액 측정 재판 판례 보기
334,152,False,실시 계획 승인 무효 확인 소송 실시 계획 승인 범위 관련 판례
81,420,False,토지 소유권 분쟁 소유권 침해 금지 가처분 소송 판례
309,212,False,감전사 관련 손해배상 청구 관련 판례
71,20,False,면세 지역 인천공항 전망 어디
97,288,False,어대 사용 임 교통 약자 우대 서비스
403,77,False,전자파 이상 징후 대한 손실보상 청구 재판 결과
177,17,False,인터넷 사용 공간 어디
40,198,False,문화 공연 신청
228,407,False,도심공항 터미널 수 써비스
35,124,False,환승 투어 여행 시간 교통 시간
242,278,False,이용 수
233,422,False,도움
425,93,False,외국 법인 중소기업 안 수
304,362,False,도시 공항 터미널 수하물 처리
278,133,False,출국 비행기 거임
47,355,False,대리
145,0,False,검역 증명서 티원
288,379,False,항사 출국 터미널 어디
266,323,False,손해배상 청구 소송 사례 중 선박 차량 사고 관련 것 보기
193,421,False,체코 공항
334,381,False,형식 위법 원인 실시 계획 무효 청구 소송 대법원 판례
29,41,False,환승 투어 때 휴대 품
326,393,False,돌출 물 충돌 사고 피해 대한 구상권 청구 소송 판결 사례
280,331,False,정보공개 거부처분 취소소송 비공개 대상 정보
390,262,False,상가 주택 공동관리 비 미납 부로 단전 시 손해배상 청구
125,254,False,점 자책 각
160,321,False,사비 구상 청구 대한 판례 전부
198,72,False,물품 대금 채권 시효중단 방법 것
47,142,False,요금 발렛파킹
73,218,False,웹브라우저 통해 체크 방법
291,139,False,출국 심사 순서 진행
194,202,False,온라인 서류 첨부
241,236,False,통운
170,234,False,지상권 관련 토지 사용 동의 의사표시 청구 소송 재판 부 최종 판결 문 보기
165,408,False,언제 전환 대상자 포함 안
298,180,False,수화물 무료 수 용량
377,407,False,통운 국제특송 편의점 이용 수
104,245,False,토지 소유자 지상권 소멸 청구권 승소 판례
105,368,False,계약 전 가입 증서 발급
223,89,False,정전 관련 조치 외 다른 수단 금지 가처분 소송 기각 판례
25,230,False,멤버십 특별 등급 거
50,176,False,취항 항공사 전체 목록
302,200,False,보안 검색 뭐
46,12,False,비용 대해 환청 소송 판례
89,394,False,유실물 직접
41,129,False,공항 버스 타
145,44,False,어디가 접종 증명서
122,101,False,사업인정 취소 청구 소송 소멸시효 관련 대법원 판례
155,343,False,계약 뒤 계량기 결선 누락 요금 발견 경우
276,149,False,라운지 이용 시간
344,294,False,도심공항 누가
291,51,False,용제 승객 자동 출입국심사 때
19,67,False,차비 방법
263,342,False,외국 때 금지 품목 대해
0,96,False,보상금 증액 청구 소송 이해관계 당사자 대한 판례
340,12,False,전력 공급 설비 이설 비용 청구 소송 부담 금부 처분 취소 판례 문
272,7,False,환승 투어 시 출입국심사
404,395,False,설비 정전 피해 대한 보상금 지급 후 손 배상 청구 소송 관련 판례
148,301,False,계약 종별 전력 사용 시 위약금 청구 소송
145,25,False,고양이 검역 증명서
380,62,False,
402,349,False,체크 시
241,209,False,우체국 위치
360,316,False,사람
214,149,False,캐리어 법
265,34,False,제 여객 터미널 리무진 시 운행
417,53,False,산정 기준 오류 임대료 부과 처분 취소 청구 소송 관련 판례 검색
91,269,False,행정처분 근거 법률 내용 게
82,400,False,포기 물건 택배 달라
71,223,False,가야
380,212,False,너
107,398,False,정전 사고 제 자행 위로 발생 때 손 배상 청구 소송 책임 범위 관련 대법원 판례
102,389,False,수화물 분실 경우 어디 요청
359,307,False,사용 료 청구 소송 권리남용 적용 판례
345,25,False,공장 이사 서비스 이용
110,69,False,데이터 기 거
90,393,False,최근 전기요금 청구 소송 참고 관련 법령 게
281,59,False,아이 이상 기내 탑승
122,156,False,개별 법 사업인정 의제 제도 대해 명시 사업인정 취소소송 관련 판례
348,353,False,자연재해 토지 손해 대한 청구 이의 소송 판례
314,292,False,임산부 우대 출구 오픈 시간 언제
351,406,False,예상 세액 조회
