CATEGORY,TITLE
"0","청약 가 등록번호 이용방법 문의 청약 가 등록번호는 어떻게 사용하나요? ?약 가 등록번호 이용방법이 뭔가요? 청약 가 등록번호 이용하려하는데 방법알려줘 청약 가 등록번호 쓸 때 이용방법 궁금해 ?약 가 등록번호를 어떻게 이용하는지 알려줘 청약 가 등록번호는 어디에 이용되는지 안내해줘 청약가 등록번호를 신청했는데 이용방법이 알고싶어 청약 가 등록번호 신청 후 이용은 어떻게 하는거야? 내채공 청약 가 등록번호 이용방법 내채공 청약 가 등록번호 어떻게 이용해? 내채공 청약 가 등록번호 이용하려는데 방법알려줘 내채공 가입?했는데 청년 가 등록번호 어떻게 이용함? 청약신청 완료 전인데 가 등록번호 이용 어케함? 청약 가 등록번호는 어디에 사용함? ?약 가 등록번호를 이용할 곳이 있음? 청약 가 등록번호를 발급 받았는데 어떻게 쓰는지 모르毛? 청년재직자 청약 가 등록번호 이용방법 궁금해 청년재직자 가 등록번호 어케씀? 사업자 등록번호 모르면 청약 가 등록번호 이용 못함? 청약신청 완료 후에 청약 가 등록번호 이용방법 알려줘 청약 가 등록번호 는 사용처가 어떻게돼? 청약 가 등록번호 어디에 쓰는지 알려줘 내일채움 ?약 가 등록번호?이용 어떻게함? 청년재직자 가 등록번호 사용방법 청년재직자 가 등록번호 어떻게 이용함? 내일채움 가 등록번호 이용방법 문의 청약 가 등록번호는 어디에 사용되는지 알고싶어 공제 청약 가 등록번호 사용하려면 어떻게 함? 내일채움 청약 가 등록번호 사용처 알려줘 청약 가 등록번호 어떻게?쓰는건지 알려줘 청약 가 등록번호로 청약 신청 가능해? 내일채움 가입하려는데 청약 가 등록번호로 가능? 재직자 가입 접수 시 청약 가 등록번호 이용방법 문의 청약 가 등록번호를 이용하려면 어떻게 해야 ? 청약 가 등록번호 어떻게 씀? 청약 가 등록번호는 어디에 쓰는지 알려줘 청약 가 등록번호를 받았는데 사용은 어케함? 청약 가 등록번호 발급 받으면 청약 신청 가능? 공제 신청할 때 청약 가 등록번호 이용 방법 알려줘 청약 가 등록번호 사용하는 곳 알려줘 청약 가 등록번호 발급받으면 어디에 사용해요? 청약 가 등록번호는 어디에 쓰는 거야? 공제 가입신청했는데 청약 가 등록번호는 어떻게 이용해? 청약 가 등록번호 이용하는법 알려줘 ?약 가 등록번호는 어디에 쓰는거야? 공제 신청할 때 청약 가 등록번호 사용하는법 알려줘 청약 가 등록번호가 쓰이는 곳이 어디야? 내일채움 신청하려는데 청약 가 등록번호 어떻게 쓰는지 알려줘 청약 가 등록번호 받았는데 어디에 써? 청약 가 등록번호를 사용하려면 어디에 들어가야 돼? 청약 가 등록번호 발급받았는데 일회용이야? 청약 가 등록번호가 뭔지 모르겠는데 뭐 하는데 쓰는 거임? 내일 채움 청약 가 등록번호는 어떻게 쓰는 거야? 청약 가 등록번호 발급받고 어디에 써? 청약 가 등록번호 청약 신청?때 쓰여? 청약 신청할 때 청약 가 등록번호 언제 써? 청약 가 등록번호를 왜 발급해 준거야? 내일채움 신청할 때 청약 가 등록번호 이용방법 알려줘 청약 가 등록번호를 이용하는 방법이 궁금해 청약 가 등록번호를 쓰려면 어떻게 함? 청약 가 등록번호 이용할 때 어디에 입력해? 청약 가 등록번호를 발급해준 이유가 뭐야? 청약 가 등록번호 뭐 할 때 써? "
"1","계약도중 사업자 등록을 하게 될 경우 처리방식 계약 도중에 사업자 등록을 하게 됐을 때 어떻게 처리되나요? 계약 중 사업자등록하려는데 처리과정 계약 중 사업자등록 할 때 처리절차 계약 중 사업자등록 시 중도해지 처리방법 계약 중인데 사업자등록 하려면 중도해지 어떻게하나요? 계약 중 사업자등록으로 인한 중도해지 처리방식 계약 중 사업자등록을 하려면 어떻게 처리하나요? 내채공 계약 중 사업자등록 할 경우 처리방법 내채공 계약 중 사업자등록 할 시 처리과정 내채공 계약 중 사업자등록 할  처리절차 내채공 계약 중 사업자등록 하려면 어떻게 처리하는지 궁금해요 공제 이용중 사업자등록하려는데 중도해지 가능한지 궁금해 공제계약 중 사업자등록하면 중도해지 할 수 있음? 공제계약 중인데 계약취소 하는 방법 내일채움 계약 중인데 사업자등록 시 중도해지 어케 처리함? 청년재직자?가입중인데 사업자등록할 때 중도해지 할 수 있음? 사업자 등록하려는데 공제계약 중도해지 가능함? 청년재직자 계약 중 사업자등록 하게 되면 처리방식 알려줘 계약 중?본인 명의로 사업자등록 하면 중도해지 처리방법 내일채움 계약 중 중소기업 사업자등록 시 처리 어케함? 계약 중에 사업자 등록 하면 어떻게 되는지 궁금함 계약 중 사업자등록하려는데 중도해지 사유에 해당 됨? 공제계약 가입했는데 사업자등록하면 해지 가능함? 내일채움 가입중 사업자등록할 시 중도해지 문의 공제 가입 후?사업자등록할 시 중도해지 사유에 적합함? 공제 중도해지 하려는데 사업자등록하면 가능함? 계약 중 사업자등록하면 처리할 수 있는 방법 있어? 내일채움 이용 시 사업자등록할 경우 처리 도와줘 공제 계약 중인데 사업자등록하면 어떻게 처리함? 계약 중 사업자등록 하면 중도해지 해야함? 공제 이용중에 사업자등록할 경우에 중도해지 사유인지 알려줘 내일채움 이용중 사업자등록을 했는데 어떻게 처리하는지 알려줘 공제 이용중 사업자등록을 하게되면 이용중인 공제 ?도해지 해야함? 재직자 가입하고 사업자등록을 했는데 중도해지 해야되는지 알려줘 내일채움 이용 중 사업자등록을 하면 중도해지 사유에 해당돼? 계약했는데 사업자등록하게 되면 중도해지 가능함? 계약 승인받았는데 사업자등록하면 공제 중도해지해야 함? 사업자등록을 하려는데 계약 중에 하게 되면 중도해지 사유에 해당 됨? 청년재직자 이용 중 사업자등록하려면 해지해야 함? 계약 중인데 사업자등록한 경우 어떻게 처리돼요? 계약 도중에 사업자등록하면 계약처리 어떻게 돼요? 내일채움 가입했는데 사업자등록을 하게 되면 처리 방식 알려줘 채움공제 계약했는데 사업자등록을 받으면 중도해지해야 돼? 사업자등록할 시 기존에 이용하던 공제는 해지해야 돼? 계약 중에 사업자등록하면 중도해지 사유에 해당되나요? 공제 가입 중인데 사업자등록을 하게되면 처리를 어떻게 함? 내일채움 이용하고 있는데 사업자등록 했어 재직자 가입 중인데 사업자등록하면 공제 계약은 어떻게 처리돼? 재직자 가입 중 사업자등록할 시 중도해지해야 되는지 알려줘 공제 계약 했는데 사업자등록하게되면 중도해지 해야돼? 사업자 등록할 건데 공제 가입상태면 어떻게 처리해? 공제 이용하고 있는데 사업자 등록하게 되면 계약 처리 어떻게 되는 거임? 내일채움 가입 중인데 사업자 등록하면 공제 중도해지를 해야 돼? 사업자등록을 공제 계약 도중에 하면 처리를 어떻게 하나요? 계약 도중에 사업자등록을 하게 됐는데 중도해지 사유에 적합한가요? 내일채움 이용 중 사업자등록 하면 중도해지 해야 되나요? 중도해지하려 하는데 공제 가입 중 사업자등록 시 사유에 해당 돼? 계약 도중에 사업자등록하면 어떻게 처리하는지 알려줘 내일채움 계약 중 사업자등록하게 됐는데 처리 과정 어떻게 돼? "
"2","연계가입 가능여부 연계가입 가능 한가요? 다른 상품을 가입했는데 연계가입 가능? 청년재직자 내일채움공제 만기 전인데 내일채움공제 가입가능? 연계가입을 하려면 공제 만기 후 가입가능한가요? 다른 상품?가입 중인데 연게가입 가능한가요? 다른 상품 가입 후 연계가입 가능? 경력이 있어야 연계가입 가능? 청년내채공 만기공제금 수령 외 연계가입 가능? 청년내일채움에서 내일채움으로 가입가능여부 내일채움공제 연계가입 할 수 있나요? 청년채움 만기했는데 내일채움 가입할 수 있나요? 청년채움에서 내일채움으로 이어서 가입 가능한가요? 내일채움 연계가입이 가능한지 궁금해 만기공제금 수령 전 연계가입 여부 내일채움공제 연계가입 하려고 하는데 재직중이여야 가능한가요? 내채공 연계하고 싶어 내채공 연계가입하고 싶은데 가능해? 내채공 연게가입을 하려는데 가능한지 궁금해 내일채움공제 이용중인데 연계가입 할 수 있어? 내일채움공제 가입했는데 연계가입 가능? 공제 가입중이면 연계가입 안돼? 공제를 이용 중인데 더 가입할 수 있음? 공제를 이번에 가입했는데 하나 더 가입 가능? 공제가 곧 만기인데 이어서 가입 가능함? 공제가 만기가되면 기간연장 말고 연계가입은 안돼? 청년내일채움 만기 하고 재직자 내일채움으로 연계 가능한가요? 청년내일채움 만기 하고 내일채움공제로 연계 가능한지 궁금해요 재직자 내일채움공제 만기 후에 그냥 내일채움공제로 연계가 가능한지 궁금해요 청년내일채움 만기하고나서 다른 공제로 연계 가능 여부 내일채움 만기하고 또 다른거로 연계 가능한가요? 내일채움 곧 만기인데 연계가입 할 수 있어요? 청년재직자 만기 후 다른 공제로 연계할 수 있는지 궁금해 청년내일채움 만기 시 내일채움공제 외 다른 공제는 연계 가입할 수 있음? 공제 만기 못 채우면?연계가입이 안 되나요? 내일채움으로 연계가입 하려는데 가입조건 알려줘 공제 연계가입할 수 있음? 공제 만기환급금 수령 후 연계가입 여부 내일채움 만기 시 다른공제로 연게가입할 수있는지 궁금해 공제 만기 후 내일채움으로 연계가입 가능함? 청년재직자 만기하고 나서 내일채움 가입하고 싶어 청년 재직자 만기 되면 내일채움공제 다시 가입 가능함? 내일채움 연계가입 하려는데 청년내일채움 만기 시 가능? 청년내일채움 만기 하면 다른 공제 가입할 수 있어? 공제 만기만 채우면 연계가입 가능함? 어떤 공제를 이용하더라도 만기 채우면 연계 가입을 할 수 있는지 궁금해 청년내일채움 연계가입할 수 있어? 내일채움공제 연계가입 여부 알려줘 만기 도래 시 공제 연계가입 가능한지 궁금해 공제연계가입하려는데 만기환급금 수령 후 가능? 공제 가입 중인데 다른 공제 연계가입하고 싶어 내일채움공제 연계가입할 수 있는지 알려줘 청년내일채움 만기금 수령 후 내일채움공제 연계가입 가능한지 궁금해 청년재직자 만기일 채웠는데 연계가능한 상품 알려줘 내일채움공제 만기채우고 다른공제 연계 가입할 수 있어? 공제 만기일 도래 시 연계가입할 수 있는 공제 알려줘 내일채움 만기일 채웠는데 다른 상품 연계가입할 수있어? 만기일 도래 후에 연계 가입상품 알려줘 공제 만기일 채우고 연계 가입할 수 있는 공제는 뭐가 있어? 공제 만기일 도래 후 연게 가입할 수 있는 조건 알려줘 청년 재직자 만기일인데 내일채움 연계 가입 대상자인지 확인해줘 내일채움공제 만기하자마자 연게가입 하려는데 가능함? 내일채움 연계가입할 수 있어? 공제 상관없이 연계가입이 가능한지 알려줘 내일채움 연계가입 하려는데 다른 공제로 가능? 내일채움만기 시 청년 재직자로 연계 가입이 되나요? "
"3","청약신청 완료 후(접수대기 상태) 취소 방법 문의 청약을 신청했는데 취소하고 싶어요 청약신청 취소 가능? 청약신청 했는데 취소 할래요 청약신청 후 취소하는법 청약신청 후 취소하는 방법 청약신청 후 취소하는 방식 청약신청 후 취소하는 과정 청약신청 했는데 어떻게 취소해요? 청약신청 취소는 어디서 하나요? 청약신청 완료 후 접수 전 취소 가능? 청약신청 했는데 아직 접수 전인데 철회 가능? 공제 청약신청 했는데 취소하고싶어 청년 내일채움 신청 취소 가능? 공제 신청 후 취소요청 공제 신청했는데 취소가능한지 궁금해 공제 신청 후 접수대기 상태인데 취소해줘 청약신청 후 승인이 났는데 취소 가능함? 청약접수 했는데 취소해줘 청약접수 후 취소하려는데 어케함? 청약신청 하고 승인 전인데 취소 하는법 알려줘 청약신청 후 접수대기상태인데 취소하는 방법 있음? 청약신청했는데 어떻게 취소함? 청약신청 후 취소하는 방법 알려줘 공제 청약 신청했는데 취소하려는데 가능함? 청년내일채움 신청했는데 계약취소 가능함? 홈페이지에서 청약취소하는 방법 알려줘 접수대기 상태일때 청약신청 취소할 수 있어? 청약승인 이후에 취소하려면 어떻게 함? 아직 청약승인 전인데 신청 취소하고싶어 청약신청 취소요청 하는방법 청약신청 취소하려면 어디 들어감? 온라인으로 청약취소 하는방법 청약 신청 후 취소하려는데 어떻게 하는지 알려줘 공제 신청하면 취소 가능해? 청년내일채움공제 신청 후 취소 진행 과정 청약신청했는데 취소요청이 가능함? 접수대기 상태에서 공제 신청 취소하고싶어 내일채움 신청 후 취소 어케함? 청년내일채움 신청하면 취소할 수 있어? 공제 청약신청 후 어떻게 취소하는지 알려줘 청약 신청했는데 취소 어떻게 함? 청년재직자 접수대기 상태인데 취소 가능함? 공제 신청 취소 기준 알려줘 내일채움 신청 취소하려면 어떤 방법으로 해야 돼? 청약 신청 후 취소하려면 어디 들어가? 청약신청 취소 청약신청은 어떻게 취소함? 청약신청 취소하려는데 어디서 신청해? 청약신청 취소할 때 어떻게 하는지 알려줘 청약신청 취소하는 게 가능해? 공제 신청했는데 어떻게 취소해? 내일채움 접수대기 상태에서 취소하는 방법 재직자 승인 안났는데 취소 가능? 청약신청 취소하려는데 승인 전에 신청하는 법 알려줘 접수대기 상태인데 취소 가능? 청약 신청했는데 취소하려면 어디서 해? 청약 취소할건데 접수대기 상태에서 가능해? 청약을 신청했는데 어떻게 취소해? 청년내일채움 신청 후 취소하려면 어떻게 함? 홈페이지에서 청약 신청 취소 가능? 청약 신청 취소 청약신청했는데 취소 가능? 청약승인 이후인데 신청 취소 가능? 청약승인났는데 신청취소가능? "
"4","재직자 채움공제 중도해지 신청취소 방법 문의 재직자?중도해지를 취소하고 싶어 재직자?해지 취소 해줘 재직자?중도해지?했는데 취소해줘 재직자?도중해지 취소 재직자?중도해지 취소문의 재직자?중도해지 취소하려는데 어떻게함? 재직자?도중해지 취소문의 재직자?중도해약 취소 재직자?중간해약 취소해줘 청년재직자 중도해지 취소 재직자?중도해지 취소가능? 재직자?중도해지 취소하는 방법 알려줘 재직자?중도해지 취소하려면 어떤 방법으로함? 재직자?중도해지 철회하는법 재직자?중도해지 신청했는데 취소 가능함? 재직자?이용 중에 해지했는데 취소가능한지 궁금해 청년재직자 중도해지 했는데 취소할 수있음? 재직자?중도해지 승인 후 취소 가능한지 알려줘 재직자?중도해지 취소하려면 어디 들어가야? 재직자?중도해지 취소하고 싶어 재직자?중도해지 신청했는데 어떻게 취소함? 재직자?중도해지 신청 후 승인전에 취소할 수 있음? 재직자?중도해지 신청?했는데 온라인에서 취소 가능함? 재직자?중도해지 신청했는데 철회하는법 재직자?온라인으로 중도해지 취소 여부 알려줘 재직자?중도해지 취소 어디서 함? 재직자?홈페이지에서 중도해지 취소 가능함? 재직자?중도해지 후 취소 과정 재직자?중도해지 신청 후 취소할 수 있음? 재직자?중도해지 했는데 취소 가능? 재직자?중도해지 신청 했는데 어떻게 취소해? 청년재직자 중도해지 신청 후 취소가능 여부 홈페이지에서 재직자?중도해지 취소할 수 있어? 재직자?중도해지 어디서 취소함? 재직자?중도해지 취소하려는데 홈페이지 들어가서할 수 있어? 재직자?중도해지 취소버튼 어딨음? 청년재직자 중도해지 시 취소 하는법 재직자?중도해지 어떻게 취소하는지 알려줘 재직자?해지 취소 어떻게 하는지 알려줘 재직자?중도해지?신청했는데 취소하는법 알려줘 재직자?중도해지 승인 후에 취소가능? 재직자?중도해지 취소는 홈페이지에서 가능? 재직자?중도해지 취소하려면 어떻게 함? 재직자?중도해지 신청했는데 어떻게 취소 함? 재직자?중도해지 취소 하려면 어떻게 함? 재직자?해지신청 하고 취소 가능? 재직자?재직자 중도해지 신청했는데 취소하고 싶어 재직자?중도해지 신청했는데 취소할 수 있어? 재직자?중도해지 신청하고 취소 가능? 재직자?중도해지 신청했는데 취소하는 방법 있어? 재직자?중도해지 취소 경로 알려줘 재직자?취소하려면 어디 들어가? 재직자?해지했다가 취수하고 싶어 재직자 중도해지 신청했었는데 취소하려고 재직자?중도해지 하고나서 취소하려면 어디서 해? 재직자?중도해지 어떻게하면 취소할 수 있어? 재직자?중도해지하려 했는데 취소하려면 어떤 방법 있어? "
"5","가족관계 증명서 가족 주민번호 모두 확인되어야 하는지 가족관계 증명서에 가족들 주민등록번호 모두 쓰여 있어야 하나요? 가족관계증명서 주민번호 확인 여부 가족관계증명서 주민번호 뒷자리도 써야하나요? 가족관계증명서 본인 주민번호만 확인할 수 있어도 가능한가요? 가족관계증명서에서 가족은 주민번호 가려도 되나요? 가족관계 증명서에 가족 주민번호 앞자리만 쓰여있어도 되나요? 가족관계증명서에 가족주민번호는 비공개 했는데 가능한가요? 가족관계증명서 주민번호 부분공개 여부 가족관계증명서 본인만 주민번호 공개 여부 가족관계증명서 가족 주민번호 비공개 여부 가족관계증명서에 본인 주민번호만 쓰고 싶은데 가능? 가족관계증명서 굳이 가족도 주민번호도 확인 해야? 등본에 가족주민번호 비공개로 가능함? 등본 주민번호 공개 범위 궁금해 등본 본인 외 주민번호 공개 여부 알려줘 등본 부분공개 가능? 등본에 주민번호 앞자리랑 뒷자리에 첫자리만 확인되도 가능함? 가족관계증명서에 주민등록번호?전체공개 안해도 ? 내채공 등본제출 할때 주민등록번호 공개범위 알려줘 내채공 등본 주민등록번호 어디까지 공개해? 가족관계증명서에 주민번호를 부분공개해도돼? 가족관계증명서에 가족?주민번호 가려도 ? 가족관계증명서 주민번호 공개범위 궁금해 가족관계증명서에 가족도 주민번호 확인되야 함? 가족관계증명서 어디까지 공개해야 하는지 궁금해 가족관계증명서 제출하려는데 주민번호 공개는 본인만 하면 됨? 청년재직자 가족관계 증명서에 가족 주민번호 전부 써야되니요? 가족관계증명서 제출할 때 주민번호는 어디까지 공개돼야 함? 가족관계증명서 부분공개 가능함? 내일채움 가족관계증명서 일부 비공개해도 됨? 가족관계증명서 주민번호는 어디까지 공개해야돼? 가족관계증명서에 주민번호 공개하고 싶지 않으면 가려도 돼? 내일채움 가족관계증명서 발급할 때 가족 주민번호 모두 확인돼야 함? 가족관계증명서에 지원하는 본인만 주민번호 확인돼도 괜찮아? 내일채움 가족관계증명서에 주민번호를 공개하는 기준 알려줘 가족관계 증명서에 민번 다 나오게 해야 하나요? 내일채움 가입서류 제출할 때 등본에 번호 다 공개? 청년재직자 내일채움공제 가입 서류로 가족관계증명서 낼 때 주민번호 전체 공개 여부 공제 가입할 때 가족관계증명서에 민번을 다 공개해야 하는지 궁금해 가족관계 증명서에 주민번호 모두 공개해야 하는지 알려줘 가족관계증명서 공개?범위 궁금해 가족관계 증명서에 주민번호 전부 공개함? 가족관계 증명서 제출할 때 주민번호 뒷자리 가려도 돼? 가족관계 증명서에 꼭 주민번호 다 공개해야함? 내일채움 가입할 때 가족관계증명서에 주민번호 내 것만 나오게 해도 돼? 가족관계 증명서 발급할 때 어느 정도 공개해야 돼요? 가족관계증명서에 가족 주민번호 써야 돼? 공제 신청할 때 등본에 주민번호 공개 어디까지 해? 내일채움 신청하려는데 주민번호 부분만 공개하고 제출해도 돼? 청년재직자 구비서류에 가족관계증명서 주민번호 부분 공개만 하고 싶어 가족관계증명서를 제출할 때 공개는 어느 정도 해야 돼? 가족관계증명서 제출하려는데 주민번호 공개는 어디까지 해야 되는지 알려줘 등본에 주민번호 전체 공개해야 돼? 등본 제출할 때 본인 주민번호만 보이게 해도 되는지 알려줘 등본 발급 시 가족 민번도 공개해? 가족관계증명서에 주민등록번호를 모두 공개해야 돼? 등본 제출하려는데 주민번호 공개를 어디까지 해야 돼? 가족관계증명서 발급할 때 주민등록번호 공개 범위는 어디까지임? 등본 발급할 시 가족민번 가려도 됨? 청년 재직자 신청할 시 등본 제출할 때 주민번호를 본인만 공개해도 됨? 가족관계증명서 발급받을?때 주민번호는 누구까지 공개해? 등본 발급받으려는데 주민번호 공개 여부 알려줘 가족관계증명서에 내 주민번호만 공개하면 돼? 등본에 주민번호 공개를 어디까지 해야 할지 모르겠어 가족관계증명서 발급하려면 주민번호 전체 공개를 해야 돼? "
"6","총 근로소득의 50% 감면을 받는건지 문의 근로소득세는 얼마나 감면을 받을 수 있나요? 근로소득세 감면혜택에 대해 알려줘 근로소득세는 얼마나 감면 받아? 근로소득세 어느정도 감면받는지 궁금해 근로소득세 감면헤택은 공제부금 만기수령시만 가능해? 근로소득세 감면혜택 문의 근로소득세 감면받고싶은데 어떤 혜택이있어? 핵심인력중 만기수령금 받은 인원이 없을 때 근로소득세 감면혜택 문의 근로소득세 감면혜택 받는 방법 문의 근로소득세 감면혜택을 받고싶은데 어떤식으로 받음? 근로소득세 감면혜택이 궁금해 근로소득세 감면혜택 어케받음? 근로자 근로소득세 감면혜택 받는방법 내채공 근로소득세 감면혜택 문의 내채공 이용중인데 근로소득세 감면 받을 수 있음? 내채공 근로소득세 감면기준이 있음? 근로소득세 얼마까지 감면혜택 받을 수 있음? 근로소득세는 몇 퍼센트 감면받을 수 있어? 만기 수령금 없을 시 근로소득세 감면혜택 문의 내채공 근로소득세 감면혜택이 어떻게? 근로소득세 최대 감면 금액은 얼마야? 기업 기여금 발생액에 따라 근로소득세 감면혜택이 달라? 근로소득세 감면 받으면 어떤 혜택이 있는지 알려줘 근로소득세 감면혜택 받을 수 있음? 만기 수령 시 근로소득세 혜택 감면 납입금에 따른 근로소득세 감면혜택?알려줘 근로소득세금 세제혜택 궁금해 근로소득세 감면혜택은 받는 기준 알려줘 중소기업 기여금 발생시 근로소득세 감면혜택 근로소득세 감면 얼마나 받음? 근로소득세 감면혜택 기준 알려줘 근로 소득세 감면 범위 알려줘 근로소득세 감면 최대 얼마까지 받을 수 있어? 근로소득세 감면율이 궁금해 중소기업 근로소득세 감면은 언제까지 받을 수 있어? 내일채움공제 가입하면 근로소득세금 얼마나 감면되나요? 채움공제 만기 시에 근로소득세 감면 얼마나 되나요? 기업 기여금에서 얼마만큼 근로소득세 감면이 이뤄지는지 궁금해 근로소득세 세금공제 혜택이 따로 있나요? 근로소득의 얼마만큼 감면이 돼요? 근로소득세 감면받는 금액이 얼마에요? 공제 가입 시 근로소득세 감면혜택 알려줘 핵심인력이 공제부금 만기 수령 시 근로소득세 감면혜택 범위 근로자 근로소득세 세제혜택 알려줘 내일채움 근로소득세 세제혜택 있어? 공제 만기 했을 때 근로자 세제혜택 알려줘 공제 만기했는데 기업 기여금은 세액공제 혜택이 어떻게 돼? 공제 세금 감면 헤택은 근로소득에서 얼마 정도 해줘? 근로소득세 감면혜택은 어떤 게 있어? 근로소득세는 공제 만기 시에만 세제혜택받아? 근로소득세 감면액은 얼마인지 알려줘 만기환급 받을때 기업 기여금에 대해 발생하는 근로소득세의 50%를 감면받아? 만기 환급금은 근로소득세의 몇 퍼센트를 감면받는지 궁금해 근로소득세 감면은 얼마 정도 돼? 내일채움공제 근로소득세 얼마 감면받아? 내일채움 근로소득세는 얼마나 감면 받아? 근로소득세 감면 받는 금액이 궁금해 공제 근로소득세를 감면 받는 기준이 뭐야? 근로소득세 감면 혜택은 어떤 조건이어야 받을 수 있어? 근로소득은 세금 감면이 얼마나 돼? 근로소득세 감면헤택은 어떤게 있는지 알려줘 근로소득세는 공제 만기 시 혜택이 있어? 근로소득세 혜택받는 금액은 얼마야? 근로소득세 감면혜택 받으려면 어떻게 함? 내일채움 근로소득세 감면혜택은 어떤게 있어? 근로소득세 최대 감면 혜택 근로소득세를 감면받으려는데 어떤 혜택이 있어? 내일채움 근로소득세 감면 헤택금액 알려줘 근로소득세 감면혜택은은 만기 시에 받을 수있어? 공제부금 만기 수령해야 근로소득세 감면혜택?받을 수 있어? "
"7","만기일자 도래 후, 지원금 적립 지연 사유 문의 만기일이 됐는데 지원금이 안들어왔어요 만기 후 지원급 미지급문의 만기일 됐는데 지원금 적립시점 알려줘 만기일 채웠는데 지원금은 언제들어옴? 만기도래 후 지원금 적립 시점 청년내채공 만기 후 지원금 들어오는 날짜 만기일인데 지원금이 아직 안들어옴 만기 채우고 지원금이 안들어오는 이유 알려줘 만기 후 지원금이 계속 지연되는데 이유 궁금해 만기 후 지연금 적립이 너무 오래걸려 만기?는데 지원금 적립은 언제까지 기다려야돼? 채움공제 곧 만기인데 지원금이 안들어와요 만기일이 거의 다 됐는데 지원금이 늦어요 곧 만기인데 지원금 언제 들어와요? 채움공제 곧 만기인데 지원금 언제 들어오는지 알려줘 지원금 적립이 안됐어요 곧 만기인데 만기일 지났는데 지원금이 아직 안들어와요 만기일인데 지원금 지급되는 시점은 언제인가요 만기인데 취업지원금 언제 들어옴? 취업지원금이 만기일인데도 적립이 안? 만기일인데 기업기여금 언제 들어와요? 만기 도래 기업기여금 적립 지연 문의 만기일 도래하면 지원금 적립은 언제되는지 궁금해 만기 후 지원금 적립 완료시점이 언제야? 만기 후 만기적립금 적립 지연 청년내일채움 곧 만기인데 적립금? 언제들어옴? 채움공제 만기일 인데 정부지원금 안들어옴 청년내일채용 만기 채웠는데 왜 취업지원금 지급 안해줌? 만기 적립금 받을 때 됐는데 계속 지연되는 이유 알려줘 만기 후 기업기여금 지급 받아야되는데 계속 지연돼 만기 하면 정부지원금 지 급완료 언제 돼? 청년내일채움 만기채웠는데 돈 언제들어옴? 만기 시 지원금 적립 완료시점 궁금해 만기 신청했는데 적립금이 계속 안들어와 청년내일채움 만기환급금 지급 지연 이유 만기 채웠는데 지원금 왜 안들어와? 만기일 도래 후 지원금 지연 원인 곧 만기인데 취업지원금 미 적립됐어 공제 만기일 다 채워가는데 정부 지원금이 안 들어와 만기까지 얼마 안 남았는데 지원금 적립은 언제 되나요? 청년내일채움 만기채우면 지원금 적립 완료시점은 언제에요? 만기일인데 취업지원금 들어오려면 얼마나 더 있어야 돼? 만기일 채우면 정부 지원금 적립되는 정확한 시점이 언제임? 만기 지났는데 지원금 안들어오는 이유좀 만기?후?다른 지원금은?들어왔는데 기업 기여금은 언제 들어와? 만기일 채우고 지원금은 언제 들어와? 만기 후 정부 지원금 적립액 얼마받는지 알려줘 만기일자 채우면 지원금이 바로 들어오는거 아니었어? 지원금은 만기 당일날 적립 안 돼요? 만기일 이후에 적립금이 지급 되는거에요? 만기 채우고 적립 받는 시점이 언제예요? 만기환급금 받으려면 얼마나 기다려야 돼요? 공제 만기 지원금이 안들어와 만기일자 채우고 지원금 적립 완료시점이 언제야? 지원금 만기일 지나도 지급이 안돼요 만기일 이후 지원금 적립이 안들어오는 이유 만기신청 완료됐는데 지원금이 안들어와요 공제 만기 채웠는데 돈 안들어옴 만기채우면 입금 언제 돼? 청년채움공제 만기일인데 돈 왜 안 들어와? 만기일이 지났는데, 지원금 미적립인 이유 만기일이 지났는데, 지원금이 안 들어와요 만기일인데 취업지원금 언제 들어오나요? 만기일인데 기업기여금 언제 들어오나요? "
"8","공제부금 미 인출 사유 확인문의 공제부금이 왜 미인출 됐는지 궁금해요 공제부금이 인출이 안됐어요 내채공 공제부금 미인출 사유 확인 잔액이 있는데 공제부금 인출이 안됐어요 공제부금 미인출에 대한 상세한 확인이 가능할까요? 왜 공제부금이 미인출 됐는지 모르겠어요 공제부금 미인출 사유가 어떻게되나요? 현재 공제부금 미인출 사유 확인가능한가요? 공제부금 미인출 됐는데 사유가 궁금해요 재직자 공제부금 미인출 사유 확인 내채공 공제부금 미인출에 대한 이유 궁금해 공제부금이 계좌에서 인출이 안됐는데 왜그럼? 공제부금 계좌에서 안빠진 이유 내채공 이용중인데 공제부금 미인출된 이유 알려줘 공제 이용하고 있는데 부과금 인출이 안된 사유 궁금해 공제 가입하고 일정 기간동안 돈을 내는데 이번에 미인출된 사유 궁금해 공제부금 이번달 미인출 됐는데 이유가 궁금해 저번달 공제부금 미인출 사유 확인 왜 공제부금이 인출이 안됐는지 확인해줘 공제부금 인출안된 이유 알려줘 공제부금 인출 안됐을 경우 이유 궁금해 공제부금 미인출 사유는 뭐가있음? 내일채움 납부금 미인출 이유 알려줘 공제부금이 안빠져 나가요 공제 가입했는데 납부금이 안빠져요 공제부금 계좌에서 인출 안되는 이유 공제 납부금 언제 인출되는지 알려줘 청년재직자 공제부금 납부액 인출이 왜 안돼? 청년재직자 공제부금 미인출 사유 확인해줘 청년재직자 가입 중인데 납부금 안빠지는 이유 알려줘 공제부금 아직 안빠졌는데 사유 확인 가능? 공제부금 아직까지 인출이 안된 이유 알려줘 공제부금 미인출 상세 사유 궁금해 내일채움 납부금 인출이 아직 안된 이유 재직자 내일채움 공제부금 아직 안빠진 이유 납부금이 안빠져나갔어요 납부금이 왜 출금 안됐는지 모르겠어요 청약 돈이 인출이 안됐어요 납입금이 왜 출금 안되는 거에요 공제 납부금 미인출 이유 알려줘 내일채움 납입금이 안빠져 공제부금이 왜 안빠져나가는지 이유좀 알려줘 청약 미 인출됐는데 사유가 뭐야? 공제부금 미 인출 상태인데 이유가 뭐야? 공제부금 왜 안 빠졌는지 자세히 알려줘 공제부금 안빠져나갔는데 확인해줘 공제 납입액 미인출됐어 내일채움 납부금 인출일인데 안빠져나가 공제부금 미인출되는 사유 좀 알려줘 어떤 이유로 공제부금이 인출이 안됐는지 궁금해 공제부금이 안빠진 이유 알려줘 이체일 지났는데 공제부금 왜 인출 안돼? 내일채움 인출 안된 이유 알려줘 공제 미인출된 이유가 어떤 게 있어? 공제부금 미인출된 사유좀 알려줘 내일채움 납입금 왜 안빠져요? 공제부금 납입일인데 인출이 안돼요 내일채움 납입금 인출이 안되는 사유 알려줘 공제부금 미인출 금액 문의 재직자 납입금 미인출 금액은 언제 처리되는거임? 내일채움 납입금 안 빠져 나갔어 재직자 납입일에 돈 안 빠짐 공제 미 인출 이유 납부금 미 인출된 이유 공제 본인 납입금이 안 빠져나가요 "
"9","청년내일채움공제 가입절차 문의 청년내일채움공제 어떻게 가입해요? 청년내채공 가입방법 청년내채공 가입과정 청년내채공 가입하려면 어떻게 해요? 청년내채공 가입하고싶은데 가입절차가 있음? 청년내채공 가입하는 방법 청년내채공 등록방법 청년내채공 등록절차 청년내채공 가입신청 절차 청년내채공 어떻게 가입해? 청년내채공 가입방법 알려줘 청년내채공 가입절차가 어떻게? 청년내일채움 가입하려는데 절차가 궁금해 청년내일채움공제 가입하려면 어떤 절차가 있음? 공제 가입절차 문의 청년내일채움 가입 어떻게 하는지 궁금해 공제 접수절차 알려줘 공제 가입신청 하는 과정이 어떻게돼? 공제가입 신청하는 과정은 어떻게되는지 알려줘 청년내일채움공제 가입절차 궁금해 청년내일채움공제는 어떻게 신청해? 공제 가입 절차 궁금해 청년내일채움 신청절차 청년내일채움 가입하려는데 어떻게함? 청년내일채움 어떤 방식으로 가입함? 청년내일채움 가입하는 과정 알려줘 청년내일채움공제 가입절차 어디서 확인함? 운영기관에서 청년내일채움 가입과정 볼 수 있음? 청년내일채움 가입신청은 어디서함? 청년내일채움공제 가입 신청하면 절차가 어떻게 되는지 궁금해 청년내일채움 신청하면 가입 진행과정이 어떻게 됨? 청년내일채움 워크넷 참여신청 어디서함? 청년내일채움 단계별 가입 절차 알려줘 청년내일채움 중진공 신청 어떻게함? 청년내일채움 가입 신청 후 자격심사 과정 청년내일채움 가입절차 알려줘 공제 가입 어떻게 하는 거임? 청년내일채움 가입하려면 어디에서 신청함? 청년내일채움 자격심사 후 청약신청 하는방법 청년내일채움 가입 전 자세한 신청 방법 문의 청년내일채움 가입 어떻게하는지 알려줘 공제 가입하려는데 신청하는 방법 궁금해 청년내일채움공제?가입 단계 알려줘 공제 가입하려는데 절차가 어떻게 되는지 궁금해 청년내일채움 가입하는 방법이 궁금해 청년내일채움 가입하려면 어떻게 해야 돼? 청년내채공 가입하고 싶은데 어디서 신청해? 청년내일채움 공제 가입하는 과정 알려줘 공제 가입하려면 어떤 방법으로 해야 돼? 청년내채공 가입절차가 어떻게 되는지 알려줘 청년내일채움 가입하려면 어떤 절차가 있어? 공제 가입할 때 과정을 알고싶어 공제 가입은 어떻게 하는지 절차 알려줘 청년내일채움 가입하려는데 신청절차 알려줘 공제 신청하려는데 가입절차 자세히 알려줘 공제 신청하려면 어떤 절차가 있어? 청년내일채움 가입할 때 어떤 방법으로 해야 돼? 공제 신청할 때 가입방식이 궁금해 내일채움 신청할 때 어디 들어가야 돼? 청년내일채움 신청 방법은 어떻게 돼? 청년공제 가입하려면? 청년공제 가입 청년공제 신청 청년공제 신청은 어떻게? 청년공제 가입은 어떻게? "
"10","공제 가입 인원 수 제한 여부 공제 가입 인원 수 제한이 있나요? 공제가입은 몇명까지 가능한가요? 내일채움 가입인원 수 제한 여부 공제가입 인원제한 있어? 중소기업 재직자인데 공제가입 인원 제한이 있나요? 내일채움공제 가입인원 제한이 있어? 내일채움 가입하려는데 가입인원 제한이 있나요? 공제 가입할 수 있는 최대 인원이 몇 명인가요? 중소 근로자로 가입하려는데 인원에 제한이 있는지 궁금해요 몇명까지 공제가입이 되나요? 공제가입에 대한 가입인원이 정해져있나요? 정해진 인원만 내일채움공제 가입할 수 있나요? 일하는 직원이 적은데 내일채움공제 가입인원 수 제한이 있는지 회사에서?대부분 내일채움공제 가입했는데 제한인원이 있나요? 공제 가입하려는데 인원 수 궁금해요 공제 가입할 때 최대인원이 있나요? 공제 가입하려면 상한 인원이 몇명인가요? 공제 가입할 때 제한된 인원 궁금해 내채공 가입할 때 제한인원 있는지 궁금해 중견 기업에서 근무중인데 내채공 가입인원 몇 명 까지임? 내채공 가입인원이 몇 명 까지 허용되는지 궁금해 내채공 가입할 수 있는 인원이 제한되어있음? 공제 가입 할  정해진 인원이 있음? 내일채움공제 가입은 몇 명 까지 허용돼? 직원들 내일채움 가입시키고 싶은데 몇명까지 되는지 궁금해요 근로자들 공제 가입시키려 하는데 인원 제한이 있나요? 채움공제 가입 인원 제한이 따로 있나요? 한 직장에서 재직자 공제 가입 인원 제한이 따로 있나요? 내일채움공제 가입할 수 있는 인원이 몇 명인가요? 공제 직원들 가입 몇명까지 시킬 수 있나요? 직원들 전부 내일채움 가입시킬 수 있나요? 가입인원 상관없이 공제 가입시킬 수 있는지 궁금해 채움공제 신청은 소수 인원만 가능한가요? 내일채움 신청할 때 정해진 인원만 신청할 수 있는지 알려줘 회사 직원들 내일채움 가입시키려는데 몇명까지 가입 가능? 내일채움 몇 명까지 가입신청 가능함? 공제 신청할 때?인원이 제한되어 있음? 한 회사에서 내일채움 몇 명까지 가입돼? 중소기업 공제 신청 최대 인원 궁금해 중견기업은 공제 신청 인원이 정해져있음? 내일채움공제 직장 내 몇 명까지 가입 가능? 직장에서 공제 신청한 사람 있으면 가입 안돼? 공제 신청하려는데 직원 몇 명까지 가입 제한 있어? 내일채움공제 신청할 수 있는 인원이 정해져 있어? 중소기업 근로자 전부 가입할 수 있어? 중소 공제 가입하려면 몇 명까지 가능? 내일채움공제 가입하고 싶은데 직장에서 몇 명 까지 가입 가능? 중소기업 재직자인데 공제 가입 제한 인원 있어? 공제 가입은 회사에 몇 명이든 신청 가능함? 공제 가입인원은 최대 몇 명까지임? 공제는 몇 명까지 가입할 수 있어? 공제 가입할 때 인원 수 제한 있어? 내일채움 가입하려면 회사에서 몇 명만 가입 가능함? 중소기업에서 공제 가입할 수 있는 인원 수 알려줘 내일채움공제는 정해진 사람만 가입할 수 있어? 내일채움은 직장에서 신청할 수 있는 인원이 있어? 공제 신청 인원 제한돼있어? 내일채움 가입은 회사안에서 가입할 수 있는 인원이 정해져 있어? 공제 가입은 인원 상관없이 신청 가능한가요? 청년 재직자 신청 인원 제한이 있어? 공제가입은 신청할 수 있는 인원이 제한되어 있나요? 내일채움 가입하려는데 신청 가능 인원은 몇 명까지예요? 공제 가입신청할 때 회사에서 신청할 수 있는 인원이 정해져 있어요? 공제 가입하려는데 최대 몇 명까지 신청 가능해요? 공제 가입은 회사에서 일부 인원만 신청 가능한가요? "
"11","만기 환급금 금액 문의 만기 환급금은 얼마인가요? 만기 되면 얼마 들어옴? 만기 시 들어오는금액 만기  이자 얼마들어옴? 청년내채공 만기 후 금액 2년짜리 공제 가입했는데 얼마들어옴? 공제 기간에 따라 만기 금액 달라짐? 만기하면 돈 얼마 받을 수 있음? 만기하면 받는 돈 만기 후?돈 얼마받는지 알려줘 청년내채공 만기 환급액 청년내일채움공제 만기 환급금은 얼마인가요? 청년내일채움 만기하면 돈 얼마 들어오나요? 청년내채공 만기 환급금이 궁금해 만기 금액이 얼마 들어와? 내일채움 만기하면 돈 얼마나 들어와? 청년 내일채움?만기 시?금액 궁금해 청년 내일채움 3년형 만기금액 알려줘 공제 만기 시 돈?얼마나 들어오는지 궁금해 곧 공제 만기인데 만기금 얼마임? 청년 내일채움 만기환급금 문의 먼가 환급금 얼마 나오는지 알려줘 곧 만기일인데 기업기여금 얼마나와? 만기일 채우면 정부지원금 얼마 들어옴? 만기 후 적립금 얼마들어오는지 궁금해 만기지원금 환급액이 얼마임? 청년내일채움 만기 후 환급금 문의 공제 만기 후 얼마들어옴? 곧 공제 만기인데 돈 얼마 들어오는지 궁금해 만기 채우면 지원금 얼마 들어옴? 3년형 만기 시 환급금 문의 공제 만기채우면 이자랑 같이 들어옴? 공제 계약마다 환급금 얼마 들어오는지 알려줘 청년내일채움 만기환급 시 지급금 궁금해 만기 환급받을 때?얼마 받아? 만기하면 환급금 얼마 받아요? 청년내일채움 2년형 가입하면 만기환급금 얼마 받아? 공제 납입방식에 따라 만기환금액 달라져? 현재 이용 중인 공제 만기 시 환급금액 청년내일채움 만기 금액이 궁금해 청년내일채움 상품별 만기환급금액 알려줘 기업 기여금 상향 신청하면 만기환급금 얼마 받아? 만기 환급금은 어떤 경우에 금액이 줄어듦? 청년내일채움 3년형 가입하면 환급금이 대략 얼마 들어와? 만기환급금 받을 때 변동 기준이 있어? 만기되면 얼마 받아? 만기일 채우고 돈 받으면 얼마 들어옴? 2년형 만기 채웠는데 얼마 들어오는지 알려줘 공제 상품마다 만기환급금 얼마 지급되는지 알려줘 공제 만기 채웠는데 환급금 얼마 들어올지 모르겠어 현재 가입한 상품 만기 채우면 얼마 받는지 알려줘 만기환급금은 얼마 정도 환급 돼? 만기 채우고 환급액 알려줘 공제마다 만기 환급금 알려줘 만기 환급금이 같은 상품이여도 다를 수 있어? 만기 시 환급되는 금액이 궁금해 공제 만기일 채우면 얼마 들어와요? 만기 시 정부지원금 얼마 들어와? 청년내일채움 만기하면 지급되는 금액 만기 채우면 환급금은 얼마 자급해줘? 만기금 얼마인가요? "
"12","지원금 신청 방법 지원금은 어떻게 신청해요? 지원금 신청하는방법 알려줘 지원금 신청하려면 어케함? 지원금 신청방식이 어떻게돼? 지원금 신청하려는데 방법알려줘 지원금은 어떻게 신청하는거야? 지원금 받고싶은데 어떻게 신청해? 지원금 받으려면 어디 들어가야돼? 지원금 신청방법알고싶어 지원금 어떻게 신청하는건지 안내해줘 정부 지원금 어떻게 신청하나요? 정부에서 지원하는 돈 신청 방법 알려줘 지원금을 받고싶어요 지원금 신청 방법이 알고 싶어요 지원금 신청 관련 업무 부서 알려주세요 운영기관에 지원금 신청할 수 있음? 관할고용센터에 지원금 신청 가능? 공제 신청했는데 지원금 신청 방법 알려줘 정부지원금 받으려면 어디에 신청해야돼? 정부지원금 신청기관 알려줘 정부지원금은 홈페이지에서 신청 가능한지 알려줘 ?년내일채움 정부지원금 신청 방법 궁금해 정부지원금 신청하려면 어떻게 해야돼? 공제가입 후 지원금 신청 하고싶어 지원금 신청 절차 알려줘 정부 지원금 신청하려는데 운영기관에 신청 가능함? 정부 지원금 관활 부서에 신청할 수 있음? 관할 부서에서 기업기여금 신청할 수 있는지 알려줘 취업지원금은 어디에서 신청해? 지원금 신청 관련 기관에 신청하면 돼? 지원금 신청양식 있음? 청년내일채움 지원금 신청방법이 어떻게 됨? 지원금 어디서 신청하는지 알려줘 지원금 신청 기관?궁금해 정부에서 지원금?받으려면 어떻게 신청함? 정부 지원금 받고싶은데 어디에 신청해요? 운영 기관에 정부 지원금 신청해도 돼요? 지원금 신청은 홈페이지에서 가능함? 지원금 적립받으려는데 신청은 어떻게 함? ?년내일채움공제 지원금 신청할 때 어디 들어가야 돼? 지원금 적립은 운영기관에 신청하면 돼? 지원금 신청하려면 어떻게 해야 돼? 정부지원금 신청하려는데 어디 들어가서 신청함? 지원금 마다 신청방법 알려줘 취업지원금 신청 어떻게 하는지 알려줘 지원금 신청하려면 어디에서 해야 돼? 청년내일채움 지원금 신청 경로 알려줘 정부지원금 신청할 때 오프라인에서 가능함? 지원금 신청 관련 업무는 어디에서 맡아? 지원금 신청할 수 있는 수행기관 알려줘 지원금 받으려면 신청 어디서 해요? 내일채움 정부 지원금 신청하려는데 어떻게 함? 지원금 신청은 어떤 방법으로 하는지 궁금해 지원금 온라인으로 신청하려면 어디 들어가야 돼? 지원금 신청할 수 있는?기관이 따로 있어? 지원금 홈페이지에서 신청할 수 있어? 지원금 신청하는 곳 어디야? 공제 가입했는데 지원금 신청 어떻게 해요? 청년내일채움 지원금 받으려면 어디에서 신청해요? 지원금 받으려면 어느 기관에 신청해? 청년내일채움 정부지원금 신청 방법 궁금해 청년내일채움공제 지원금 신청할 때 어디 들어가야 돼? "
"13","청년내일채움공제 회계처리 방법 문의 청년내일채움공제 회계처리 어떻게 하나요? 청년내채공 회계처리 어케함? ?년내체공 회계처리 하는 방법좀 청년내체공 회계처리 하는 과정 궁금해 청년내채공 회계처리 방식 청년내채공은 어떤 계정과목으로 회계처리함? 청년내채공 계정과목 청년내채공 분개하는법 청년내채공 분개법 청년내채공 분개방식 청년내채공 분개방법 청년내일채움 회계처리 방법 청년내일채움 계정과목 알려줘 청년내일채움 분개하려는데 어떤 계정과목 씀? 청년내일채움 세부적인 회계처리 방법 궁금해 청년내채공 계정과목을 개발비로 하나요? 청년내일채움 회계 처리할 때 계정과목은 개발비로 씀? 청년내채공 회계처리할 때 적용되는 계정과목 청년내채공 회계처리 하려는데 계정과목 알려줘 청년내일채움공제 회계처리할 때 차변에 연구인력개발비로 적용함? 청년내일채움공제 손익계산서 작성 시?회계처리 방법 청년내일채움 회계처리 어떻게 하나요? 청년내일채움공제 회계처리 하는 법 청년내일채움공제 회계처리 뭐로 해? 회계처리 하려는데 내일채움 뭐로 하나요? 청년내일채움공제 회계처리 하려고 하는데 어떻게 하나요? 청년내일채움공제 회계 어떻게 처리해? 청년내일채움 회계상 어떻게 처리하나요? 청년내일채움공제 회계 상 절차 어떻게 할까요? 회계처리 하려고하는데 청년내일채움공제 어떻게 해? 청년내일채움 회계처리하는 과정 알려줘 청년내일채움공제 회계처리 계정과목 뭐로씀? 청년내일채움?회계처리할 때 비용처리함? 청년내일채움공제 회계처리하려면 어떤 계정과목 써야함? 청년내일채움공제 회계처리 시 진행 방법 청년내일채움공제 납입금 회계처리 어떻게 하는지 알려줘 청년내일채움 회계처리 계정과목 상세하게 알려줘 회계처리하려는데 청년내일채움공제 계정과목을 어떻게 처리해야 돼? 청년내일채움 회계처리하려면 계정과목을 뭐 써야돼? 청년내일채움공제 회계처리할 때 개발비로 처리해도 돼? 청년내일채움공제 회계처리를 어떻게 할지 모르겠어 청년내일채움 회계처리 어떤 과목으로함? 청년내일채움공제 회계처리할 때 사용되는 계정과목 청년내일채움 회계처리를 비용으로 함? 청년내일채움공제 공제 회계 처리 어떻게 함? 청년내일채움은 계정과목을 따로 정해서 회계처리해? 청년내일채움공제 회계처리할 때 어떤 계정과목으로 처리하는지 알려줘 청년내일채움 회계처리하려는데 어떻게 함? 회계처리할 때 청년내일채움 계정과목 처리 절차 청년내일채움 회계처리 뭐로 처리해? 청년내일채움공제 회계 처리는 어떤 방식으로 해야 되는 거야? 청년내일채움공제 회게처리하려는데 어떻게 해야돼? 청년내일채움공제 회계처리 시 계정과목 처리 어케함? 청년내일채움공제 회계처리 방법 청년내일채움 회계처리 시 대체 계정과목 청년내일채움공제 회계처리 하려면 어떻게 해야 해요? 청년내일채움공제 회계처리는 어떤 계정과목으로 처리 해요? 회계처리할 때?청년내일채움공제 처리?계정과목 청년내일채움 하려면 회계 처리하는 법 알려줘 청년내일채움 회계처리 항목이 있어? 청년내체공 회계처리 하는 방법좀 청년내일채움 회계상으로 어떻게 처리해? 청년 공제 회계상 분개 처리 법 청년 공제 회계처리 방법 청년 내일채움 회계처리 어떻게 함? 청년 공제 회계처리 진행 방법 "
"14","6개월이상 몇 년 근무를 했어도 가입이 가능한지 6개월이상 몇 년 근무를 했어도 가입이 가능한가요? 6개월이상 재직중인데 가입가능한가요? 재직한지 얼마 안됐는데 가입신청이 가능한가요? 휴직하고 재직한 기간을 합해서 6개월 이상이면 지원 가능한가요? 6개월이상 근무중 가입가능 여부 대출이 있는데 6개월 이상 재직중이면 가입 가능한가요? 6개월이상 근무한?조건에 맞는 청년이면?누구나 지원할 수 있나요? 몇개월 이상 근무한 재직자면 가입이 가능한가요? 재직한지 1달됐는데?가입 가능? 얼마나 일해야 재직자 가입이 가능한지 신청기간 상관없이 가입이 가능한가요? 반년 정도 근무했으면 가입 할 수 있나요? 얼마나 근무해야 가입할 수 있는지 궁금해요 육개월 정도 재직중인데 가입가능 시기 알려줘 재직기간이 얼마나 되어야 가입이 가능한가요? 근무한지 얼마나 되어야 내일채움 가입 가능해? 내일채움 가입할 때 재직기간 알려주세요 재직기간이 짧은데 내일채움 가입할 수 있는지 궁금함 공제?가입 할  재직기간에 영향을 받나요? 재직자 근무조건에 따라 가입이 신청이 가능한가요? 근무한지 6개월만 지나면 신청 가능한가요? 근무 한 지 너무 오래지나면 가입 신청 불가능함? 공제 신청하고 싶은데 재직을 몇 개월 해야돼? 재직기간이 몇 개월 지나야 공제 가입 할 수 있음? 공제가입 하는데 필요한 근무기간 알려줘 재직 중인데 신청하기위한 최소 근무기간 알고싶어 재직자 내일채움은 얼마나 근무해야 가입할 수 있나요? 공제 가입하려면 재직기간이 얼마나 되어야 하나요? 내일채움 가입하고 싶은데 최소 재직기간 알고싶어 일 시작한지 반년 넘었는데 공제 가입 가능한가요? 재직기간이 얼마나 지났든 공제 가입 가능함? 일한지 1년 넘었는데 공제 가입 신청할 수있는지 궁금해 내일채움 신청하려는데 재직 중이면 가입 가능함? 청년재직자 신청하려면 최소 근무기간 알려줘 공제 가입신청할 때 언제부터 재직해야 신청할 수있어요? 재직자 가입하려는데 몇 개월 근무해야 돼? 근무기간 상관없이 재직자 공제 가입할 수 있어? 재직자 가입하려면 어떤 조건이 있어? 근무를 얼마나 해야 재직자 가입 가능함? 재직 중인데?언제부터 가입신청할 수 있어? 재직자는 몇 달 근무해야 가입이 가능해? 공제 가입하려면 최소 몇 개월 근무해야 됨? 재직자 근무기간이 얼마나 지나야 신청 가능? 재직자 가입하려는데 신청 기준이 어떻게 됨? 청년재직자 가입 가능 조건이 뭔지 알려줘 재직자? 근무한지 1년이상 지났어도 가입이 가능함? 재직자 4대 보험 가입한지 얼마 안 됐는데 가입 가능함? 공제 가입하려면 일 얼마나 해야돼? 재직자 내일 채움 가입하려 하는데 어느 정도 일해야 돼? 재직자 6개월 이상 일했는데 신청기간이 따로 존재하나요? 근로자가 공제 가입하려면 어느 정도 일을 해야 되나요? 현재 일한지 3개월 됐는데 공제 가입 가능함? 내일채움 가입하고 싶은데 재직기간이 얼마나 돼야 함? 현재 직장에서 근로한 기간이 반년 지났는데 가입 가능해? 한 사업장에서 6개월 이상 근무하면 가입할 수 있어? 재직한 기간에 따라 가입 가능 여부가 달라져? 얼마나?일해야 공제 가입이 가능해? 재직 중인 기간이 얼마나 돼야 공제 가입이 가능함? 근무한 기간이 얼마나 지나야 가입할 수 있어요? 근무하고 있는 사업장에서 몇 개월 일해야 가입 가능? 6개월 이상 재직중이면 가입할 수 있나요? 재직자 가입하려면 근로조건이 있어요? 재직한 기간이 몇 개월 이상이면 공제 가입할 수 있어? 공제 가입하려면 재직기간이 6개월만 넘으면 돼? 일한 기간에 따라 신청 가능 여부가 달라지나요? "
"15","계약취소/중도해지 신청 후 거절문자 수신 관련 문의 계약취소 신청했는데 거절문자가 왔어요 중도해지 신청했는데 거절문자가 왔어요 계약취소 신청 후 거절문자 수신 계약취소를 신청 하고난 뒤 거절문자가 왔음 계약취소를 하려 했는데 거절문자 중도해지 거절문자 사유 중도해지 하고나서 거절문자 계약취소 했는데 거절 되는 이유가 있어? 계약취소 후 거절됐다고 연락왔어 계약취소 했는데 승인거부됐어 계약취소 승인거절 됐는데 이유가 뭐야? 청년내채공 계약취소 거절 문의 계약 취소하려고 했는데 거절됐어요 중도해지 신청하는데 거절되는 경우도 있나요? 내일채움 취소하려는데 거절문자 받았어요 내일채움 중도에 해지하는거 거절 메시지 계약 취소 신청에 대한 거절 문자 수신 문의 청년내일채움 계약취소 신청 후 거절문자 중도해지 신청했는데 왜 거절 문자가 오나요? 대상자가 아니면 중도해지 신청 시 거절? 청약철회 대상자는 계약취소 신청 시 거절문자옴? 공제 중도해지 신청했는데 거절 문자 받았음 계약취소 신청?후?거절문자 뭐임? 대상자인데 계약취소 신청 거절문자 왔음 계약취소 거절문자 받는 이유 중도해지 신청 시 거절문자 사유 알려줘 계약취소 거절문자 받는 경우 알려줘 중도해지 신청 했는데 왜 거절문자가 옴? 계약취소 신청 했다가 거절문자 받음 대상자인데 중도해치 처리 거절 문자 왔어 공제 계약 취소 거절됐다는 문자왔어 중도해지 신청 후 거절문자 받은 경우 계약취소 신청했는데 거절 문자 왔음 중도해지 신청 대상자인데 거절 문자 온 이유 청년내일채움공제 해지 신청 후 승인이 안된다고 문자 옴 계약취소 신청 후 문자로 거절됐대 중도해지 대상자인데 왜 거절문자옴? 공제 계약취소 신청했을 때?거절됐다고 왔음 계약취소 신청 후 사유 발생일자 잘못 입력해도?거절 문자옴? 계약취소 신청했는데 중도해지 처리 거절 문자 수신 받았음 계약취소 거절 됐다는 문자를 수신했어 계약취소하려했는데 승인거부 문자옴 중도해지 신청했는데 해지가 안된다고 문자옴 중도해지 거절문자를 어떤 경우에 받는지 알려줘 중도해지랑 헷갈려서 계약취소로 잘못 신청하면 거절 문자옴? 발생사유일자 잘못입력하면 중도해지 거절문자 옴? 계약취소랑 중도해지 사유일자 잘못작성하면 취소문자 옴? 중도해지 신청했는데 거절문자 왔는데? 공제??게약 취소 신청 하고 며칠뒤에 거절문자가 왔어 중도해지 신청 대상자도 거절문자 수신함? 중도해지 거절문자 왔는데 왜 온거야? 중도해지 신청했는데 거절 문자 온 경우 내일채움 중도해지 신청하고 나서 거절됐다고 문자 왔어 중도해지 신청했는데 거절 문자 오면 대상자가 아닌 거야? 중도해지 하려고 신청했는데 거절문자 오면 해지 안 돼? 계약 취소 시 거절 문자 온?경우 공제 중도해지 신청했는데 거절됐다고 문자 옴 내일채움 해지 신청했는데 문자로 거절됐대 중도해지 거절 문자는 어떤 경우에 와? 계약 취소하려는데 거절됐다는 문자를 수신 받음 "